Admin,Narongrit,Thammapalo,admin,false,0,$2a$12$7YJbDGBmXgDHgqMscZm6Pusgvwe7012lI89Q76Ffwa0bV9mYcy32C,2020/10/06--22:24:18
worker3,C,Cat,worker,false,0,$2a$12$AVpdKPRzvqKsN7G58B.QtewvKyoJxUNVHEZ.6jbnoSfwEf5KJRILu,2020/10/06--15:03:01
worker1,A,Ant,worker,false,0,$2a$12$9s.OFFc2cI7/VBQGiETDA.ddPyu7vLtv63gd912cZVvn9gQv5F77i,2020/10/06--17:35:38
worker2,B,Bot,worker,false,0,$2a$12$Vp/yMBMG1WM3kmeE1MJ8WOX/ixGA9aPshaegAm8MwbLZdnl9CNd8O,2020/10/06--15:03:12
worker4,D,Doom,worker,false,0,$2a$12$m6XJ4aVOkqZ6YnZRnkr0cezGbVz0CK/zxKHZ8ssTFrxaVz9X1eJeO,2020/10/06--15:03:21
worker5,E,Enter,worker,false,0,$2a$12$tR9THanzEpt6aGntPNB9i.slxuSga5V5s4o3YVgSnrOAY5O3Nq5rC,2020/10/06--15:03:39
resident1,sasuke,ushiwa,resident,false,0,$2a$12$pdRIgyTWruTP3R1eS3lJ0urbvDwBT095O7eAmvMF8oCtUx7I5MGEi,2020/10/06--15:03:47
resident2,naruto,uzumaki,resident,false,0,$2a$12$eqvd0ivjvFxvFFxHBYHYi.DP5FZROXC7iEIYAM4CKFCfjzg04RuI6,2020/10/06--15:04:00
resident3,kirigaya,kasuto,resident,false,0,$2a$12$mj/MBZA9RPXmL1qJMC80OeIQ44MpiOfXKP5xS6QYcRHqOXyRP49n2,2020/10/06--15:04:05
resident4,Dorae,mon,resident,false,0,$2a$12$rwtRgcNma1gF732.fqiHUeOa0dC0FB8dq.1CdQ3FFeNNOHDdsZ3xe,2020/10/06--15:04:10
resident5,Lee,sin,resident,false,0,$2a$12$K6U1QsnJj6hX0QOnBvUJgell7T1GJwsjXlpnX.kzKdu35ive1jw92,2020/10/06--15:04:16
ford,ford,ford,worker,false,0,$2a$12$OfqzHiNiKqeXYhg5bWaMl.amGWyc4SXqf3y72PQLRrlTlce7KWXFe,2020/10/06--17:37:26
