1-1/1,one bedroom
1-1/2,one bedroom,CHEN,RESIDENT,images\2020-10-21_1603292863386.png
1-1/3,one bedroom
1-1/4,one bedroom
1-1/5,one bedroom
1-1/6,two bedrooms
1-1/7,two bedrooms
1-1/8,two bedrooms
1-1/9,two bedrooms
1-1/10,two bedrooms
1-2/1,one bedroom
1-2/2,one bedroom
1-2/3,one bedroom
1-2/4,one bedroom
1-2/5,one bedroom
1-2/6,two bedrooms
1-2/7,two bedrooms
1-2/8,two bedrooms
1-2/9,two bedrooms
1-2/10,two bedrooms
1-3/1,one bedroom
1-3/2,one bedroom
1-3/3,one bedroom
1-3/4,one bedroom
1-3/5,one bedroom
1-3/6,two bedrooms
1-3/7,two bedrooms
1-3/8,two bedrooms
1-3/9,two bedrooms
1-3/10,two bedrooms
1-4/1,one bedroom
1-4/2,one bedroom
1-4/3,one bedroom
1-4/4,one bedroom
1-4/5,one bedroom,AGLINA,RESIDENT,images\2020-10-21_1603293576548.png
1-4/6,two bedrooms
1-4/7,two bedrooms
1-4/8,two bedrooms
1-4/9,two bedrooms
1-4/10,two bedrooms
1-5/1,one bedroom
1-5/2,one bedroom
1-5/3,one bedroom
1-5/4,one bedroom
1-5/5,one bedroom
1-5/6,two bedrooms
1-5/7,two bedrooms
1-5/8,two bedrooms
1-5/9,two bedrooms
1-5/10,two bedrooms
1-6/1,one bedroom
1-6/2,one bedroom
1-6/3,one bedroom
1-6/4,one bedroom
1-6/5,one bedroom
1-6/6,two bedrooms
1-6/7,two bedrooms
1-6/8,two bedrooms
1-6/9,two bedrooms
1-6/10,two bedrooms
1-7/1,one bedroom
1-7/2,one bedroom
1-7/3,one bedroom
1-7/4,one bedroom
1-7/5,one bedroom
1-7/6,two bedrooms
1-7/7,two bedrooms
1-7/8,two bedrooms
1-7/9,two bedrooms
1-7/10,two bedrooms
1-8/1,one bedroom
1-8/2,one bedroom
1-8/3,one bedroom
1-8/4,one bedroom
1-8/5,one bedroom
1-8/6,two bedrooms
1-8/7,two bedrooms
1-8/8,two bedrooms
1-8/9,two bedrooms
1-8/10,two bedrooms,SKADI,RESIDENT,images\2020-10-21_1603293724936.png
2-1/1,one bedroom
2-1/2,one bedroom
2-1/3,one bedroom
2-1/4,one bedroom
2-1/5,one bedroom
2-1/6,two bedrooms
2-1/7,two bedrooms
2-1/8,two bedrooms
2-1/9,two bedrooms
2-1/10,two bedrooms
2-2/1,one bedroom
2-2/2,one bedroom
2-2/3,one bedroom
2-2/4,one bedroom
2-2/5,one bedroom
2-2/6,two bedrooms
2-2/7,two bedrooms
2-2/8,two bedrooms
2-2/9,two bedrooms
2-2/10,two bedrooms,IFRIT,RESIDENT,images\2020-10-21_1603293147770.png,SARIA,RESIDENT,images\2020-10-21_1603293191005.png
2-3/1,one bedroom
2-3/2,one bedroom
2-3/3,one bedroom
2-3/4,one bedroom
2-3/5,one bedroom
2-3/6,two bedrooms
2-3/7,two bedrooms
2-3/8,two bedrooms
2-3/9,two bedrooms
2-3/10,two bedrooms
2-4/1,one bedroom
2-4/2,one bedroom
2-4/3,one bedroom
2-4/4,one bedroom
2-4/5,one bedroom
2-4/6,two bedrooms
2-4/7,two bedrooms
2-4/8,two bedrooms
2-4/9,two bedrooms
2-4/10,two bedrooms
2-5/1,one bedroom
2-5/2,one bedroom
2-5/3,one bedroom
2-5/4,one bedroom
2-5/5,one bedroom
2-5/6,two bedrooms
2-5/7,two bedrooms
2-5/8,two bedrooms
2-5/9,two bedrooms
2-5/10,two bedrooms
2-6/1,one bedroom
2-6/2,one bedroom
2-6/3,one bedroom
2-6/4,one bedroom
2-6/5,one bedroom
2-6/6,two bedrooms
2-6/7,two bedrooms
2-6/8,two bedrooms
2-6/9,two bedrooms
2-6/10,two bedrooms
2-7/1,one bedroom
2-7/2,one bedroom
2-7/3,one bedroom
2-7/4,one bedroom
2-7/5,one bedroom
2-7/6,two bedrooms
2-7/7,two bedrooms
2-7/8,two bedrooms
2-7/9,two bedrooms
2-7/10,two bedrooms
2-8/1,one bedroom
2-8/2,one bedroom
2-8/3,one bedroom
2-8/4,one bedroom
2-8/5,one bedroom
2-8/6,two bedrooms
2-8/7,two bedrooms
2-8/8,two bedrooms
2-8/9,two bedrooms
2-8/10,two bedrooms
